{"cameraMode":{"drawMode":0,"name":"Shaded","section":"Shading Mode"},"sceneLighting":true,"audioPlay":false,"sceneViewState":{"showFog":true,"showMaterialUpdate":false,"showSkybox":true,"showFlares":true,"showImageEffects":true,"showParticleSystems":true},"in2DMode":false,"pivot":{"x":-7.972911834716797,"y":10.310197830200196,"z":21.527292251586915},"rotation":{"x":0.26627466082572939,"y":0.5914388298988342,"z":-0.21576493978500367,"w":0.7298943400382996},"size":27.54982566833496,"orthographic":false}